corner_x,corner_y,width,height
86,10,22,26
90,56,16,21
66,32,33,28
61,30,35,32
33,30,36,31
17,57,28,29
77,20,23,24
44,38,11,16
63,35,36,49
27,33,24,20
37,27,23,20
62,11,36,45
51,69,18,20
44,32,20,16
28,83,27,30
33,28,21,23
72,72,30,47
96,60,27,28
41,37,40,17
26,80,20,17
53,53,22,26
29,56,28,24
62,20,39,46
27,43,28,37
66,37,18,18
64,62,21,17
78,60,19,22
30,77,23,24
21,81,32,27
85,40,31,34
30,21,33,28
39,56,29,29
41,22,22,19
78,46,15,15
17,68,30,32
24,80,20,27
20,29,40,45
53,42,17,21
86,48,13,14
55,16,28,25
59,38,25,41
30,82,23,25
72,17,27,30
82,65,26,29
53,34,16,17
62,17,33,48
61,10,39,34
58,12,41,29
52,37,37,25
55,35,38,35
39,34,23,20
68,53,22,21
56,59,15,15
64,62,17,14
82,56,33,38
43,39,19,20
53,41,27,24
8,44,41,49
75,38,22,19
32,32,23,25
75,56,33,19
75,40,31,33
82,47,24,27
81,50,30,43
72,54,17,21
62,35,23,25
59,21,37,47
48,16,23,19
15,12,59,36
21,53,35,29
58,51,26,23
50,33,18,17
27,32,19,17
59,47,32,22
71,43,34,18
74,40,30,21
40,14,30,37
51,53,21,17
28,30,17,16
76,44,27,33
28,26,45,35
54,18,20,19
68,79,21,32
85,69,26,28
53,31,24,25
71,33,32,49
70,42,30,29
76,62,28,25
44,46,44,29
29,34,23,20
78,28,28,29
54,14,47,41
79,23,22,17
71,80,35,35
43,15,31,25
53,66,17,22
64,40,28,20
90,51,29,31
59,47,31,38
56,57,21,19
41,5,26,26
69,21,35,37
83,62,45,46
16,30,45,42
46,16,33,28
44,71,37,22
65,55,39,28
69,30,30,37
73,79,18,23
81,22,20,21
52,31,21,15
66,21,36,46
39,40,54,36
50,43,23,21
53,42,24,21
40,38,21,24
78,56,19,21
49,14,19,14
68,39,23,20
18,67,24,36
51,40,24,23
72,53,20,17
25,80,31,37
72,46,23,18
85,45,17,19
58,8,33,42
21,53,33,29
37,23,26,21
44,14,34,30
51,50,30,24
56,50,23,23
20,69,26,27
51,35,27,15
56,22,14,18
58,30,20,17
76,73,36,42
29,52,12,15
32,80,12,15
78,13,27,27
58,48,34,28
82,46,26,27
28,23,34,26
80,52,18,16
56,59,18,18
73,49,20,14
21,81,36,37
62,46,30,22
16,68,45,41
38,39,24,21
29,68,28,19
60,56,18,18
71,49,20,30
75,43,21,24
39,81,26,35
28,63,31,29
42,27,27,25
69,33,27,35
74,39,23,20
44,16,52,47
36,11,21,24
41,80,25,20
48,15,32,30
69,48,18,29
67,65,36,51
40,56,27,22
32,26,29,27
31,16,35,62
76,93,19,18
32,16,38,38
64,36,23,21
50,38,21,26
25,50,23,22
71,27,22,27
81,37,28,35
84,63,27,30
29,64,41,52
35,37,22,20
46,26,28,32
55,71,20,21
44,46,12,13
80,48,23,25
61,44,18,18
35,42,25,20
60,31,27,22
70,37,42,56
59,32,23,19
91,64,34,32
81,79,32,26
37,19,30,28
55,10,32,28
34,58,28,32
35,33,24,16
67,32,17,15
67,40,12,14
41,42,16,19
30,18,32,33
65,24,40,41
62,41,27,52
56,88,14,17
71,44,26,16
70,40,33,33
25,47,40,36
44,29,27,30
29,25,43,52
81,51,24,23
61,37,21,17
67,36,21,21
74,65,33,33
46,36,16,21
69,38,14,20
23,50,20,21
67,33,24,23
68,21,28,50
50,42,25,17
41,89,25,30
68,22,31,45
33,22,22,19
48,37,31,26
54,36,20,29
34,91,17,22
46,28,42,32
53,52,26,21
27,43,32,30
21,47,26,24
79,55,21,26
76,48,32,52
33,20,33,26
84,40,16,14
37,40,24,22
38,13,25,24
64,65,14,11
79,53,26,24
73,66,18,15
33,26,16,20
27,19,21,18
75,41,32,30
35,29,25,20
69,37,32,34
4,35,50,39
77,48,28,27
29,42,29,38
46,23,45,39
85,30,14,10
30,16,24,29
64,65,14,14
82,86,23,27
62,48,17,18
82,48,22,22
47,50,24,18
50,30,17,19
64,47,27,29
32,22,19,21
31,24,23,18
79,42,29,31
35,37,21,16
75,72,33,36
76,47,16,14
72,49,23,28
37,45,24,18
71,78,13,17
70,33,30,36
31,36,19,14
47,49,21,55
17,30,44,41
74,59,21,22
80,61,24,37
55,51,22,20
48,40,15,21
60,47,29,23
72,32,30,35
27,52,20,18
47,18,22,17
72,12,28,27
44,48,11,9
74,54,30,26
63,26,15,15
31,71,32,43
31,23,36,49
43,45,11,15
56,59,17,19
70,42,13,14
49,33,20,19
62,16,19,23
56,32,21,28
48,29,39,31
24,15,38,28
55,53,16,17
55,46,42,23
81,51,28,48
46,23,24,21
55,11,33,29
47,34,21,17
38,11,33,37
69,76,34,41
25,39,19,23
21,47,40,48
74,61,21,31
66,39,23,24
34,41,26,25
45,67,25,30
73,32,13,14
70,35,26,35
70,17,27,27
48,86,14,18
100,24,12,13
71,20,29,46
30,41,18,20
76,49,32,31
59,74,36,30
55,10,33,30
67,53,38,55
35,41,19,23
35,25,19,18
66,17,32,45
72,48,28,23
33,44,23,35
24,56,22,25
55,13,44,48
43,21,19,20
24,82,25,19
70,61,10,10
46,42,38,31
76,9,22,26
29,50,16,17
80,49,27,29
68,13,17,24
77,47,26,29
37,32,18,24
15,70,48,27
42,31,24,21
55,26,14,15
61,62,16,18
46,33,24,19
42,54,20,21
88,87,26,28
78,47,15,13
80,52,21,30
39,9,17,15
70,33,31,34
32,49,15,22
33,25,29,27
49,36,32,26
44,39,20,27
54,37,20,27
58,44,25,20
73,80,29,35
21,77,41,40
68,8,23,19
74,55,28,24
50,30,22,19
56,66,20,19
81,30,18,18
76,47,34,55
35,13,33,27
66,46,10,15
65,34,14,12
75,54,26,26
16,34,42,40
77,39,31,37
50,62,22,14
64,73,25,32
71,47,31,21
89,59,30,43
61,24,14,14
62,47,15,11
48,14,23,23
66,76,28,31
30,25,32,29
70,30,21,26
48,14,24,26
56,61,17,16
32,16,32,27
71,27,16,15
70,28,33,54
61,18,36,47
64,36,23,21
29,64,19,16
77,13,32,43
57,53,14,13
63,27,29,38
54,64,40,45
55,38,26,14
46,28,21,20
62,72,13,23
66,83,37,37
44,45,16,15
42,24,30,49
66,48,26,18
55,8,41,42
63,67,13,13
81,42,21,19
76,38,32,40
51,34,28,26
45,17,33,27
66,17,15,18
49,39,21,27
30,19,26,25
64,30,21,13
72,65,30,34
67,64,12,11
76,49,14,14
13,35,32,26
20,56,23,29
75,48,18,13
31,17,25,25
61,67,16,17
47,35,23,24
94,40,15,15
63,39,15,14
42,27,57,33
57,89,12,15
72,29,14,19
43,39,17,20
45,37,33,27
76,48,33,51
40,7,25,18
67,21,39,44
34,72,31,38
63,37,25,16
62,17,44,53
46,13,17,17
60,9,27,29
64,54,17,15
41,14,42,42
13,34,32,29
80,48,27,22
73,42,24,14
60,12,21,30
37,43,18,18
44,50,28,31
35,32,40,36
38,32,24,24
46,37,35,28
77,47,18,14
67,30,38,53
45,35,41,15
42,38,41,45
51,32,28,22
46,31,23,21
58,49,22,22
31,16,24,31
52,56,20,13
82,74,27,31
63,15,44,45
75,52,21,23
74,72,19,21
75,57,29,19
48,54,25,16
15,55,54,45
77,19,30,30
28,38,24,21
53,33,28,25
53,46,23,18
51,37,31,26
21,36,56,40
47,42,19,18
68,55,36,53
82,68,21,30
73,45,19,15
24,27,37,43
53,50,30,25
60,32,13,14
82,54,34,34
27,18,26,23
60,31,20,15
25,24,48,51
40,14,29,34
69,49,24,30
72,57,31,24
38,55,27,39
78,37,22,28
63,31,22,19
60,26,28,21
66,36,40,30
54,31,15,14
17,45,22,23
55,20,21,18
39,26,35,28
32,22,30,30
52,65,28,21
33,45,15,18
73,31,28,32
41,30,16,16
65,43,18,18
54,52,23,20
55,14,20,32
26,62,44,30
57,48,21,18
58,14,23,28
45,35,25,19
59,20,35,27
40,39,20,17
49,31,21,16
78,62,27,36
66,26,53,49
80,60,27,26
69,15,46,45
43,34,27,22
22,53,35,28
79,35,42,39
65,69,18,17
93,27,13,14
92,38,18,19
80,73,25,17
47,72,26,23
37,8,31,31
61,40,45,53
91,81,16,22
75,46,24,19
20,95,24,24
36,31,29,34
76,48,18,17
31,20,31,31
80,73,25,27
41,28,31,20
70,41,24,18
30,37,29,26
43,40,9,10
14,26,43,44
46,26,30,33
58,21,37,42
23,64,26,21
42,45,28,22
48,35,25,20
28,39,26,23
43,47,22,21
78,42,31,29
72,55,20,22
36,94,21,16
64,38,44,46
69,18,20,23
35,39,30,40
41,15,29,28
43,80,24,19
65,54,23,28
66,15,25,37
43,32,28,22
62,75,19,26
63,82,21,33
71,43,13,15
76,46,35,54
49,73,24,26
54,32,15,14
33,21,23,15
78,43,20,23
46,25,46,30
29,22,45,56
29,38,23,14
48,56,17,17
76,44,19,21
39,11,29,23
77,31,33,35
73,9,23,26
50,39,21,29
84,55,33,38
79,51,25,29
35,51,28,24
33,32,34,30
75,32,25,26
80,60,25,28
26,28,23,23
32,36,27,29
84,43,28,41
82,38,21,22
29,65,54,29
59,50,23,27
72,64,30,35
35,41,31,40
48,51,22,54
50,30,10,9
65,82,22,34
35,11,35,31
76,27,11,13
36,49,22,13
79,53,24,26
78,61,25,27
49,55,24,16
51,24,14,14
33,37,25,26
22,59,22,24
47,23,49,33
70,16,21,24
36,8,31,35
49,53,15,15
31,2,36,29
73,40,23,18
45,49,23,19
32,38,27,23
36,43,23,26
52,27,57,66
70,26,23,27
28,27,44,48
9,11,57,71
35,8,34,38
33,32,26,27
34,36,23,30
35,49,29,26
54,20,21,22
27,18,39,61
38,33,32,26
78,39,29,33
69,68,30,31
63,69,14,14
26,49,36,43
30,71,14,16
42,79,24,21
47,53,16,18
78,52,17,20
87,59,26,22
26,10,35,49
56,34,36,38
94,70,11,14
76,46,23,18
39,32,22,27
74,62,11,9
73,30,17,12
44,56,13,14
68,54,17,16
64,13,19,29
84,76,23,30
63,36,24,20
47,16,9,13
41,43,22,29
82,60,45,46
27,36,21,21
44,12,11,15
77,95,19,18
67,32,15,16
80,79,22,24
34,53,12,11
67,13,19,30
61,12,48,48
47,13,15,15
76,39,26,30
77,54,13,16
63,10,44,48
51,21,42,30
73,17,28,38
69,46,31,17
60,16,30,29
34,17,37,31
76,74,26,29
28,30,32,33
22,58,22,26
74,54,28,30
55,26,18,20
65,67,21,24
48,13,12,13
61,16,21,23
60,58,18,17
71,26,20,20
56,28,26,25
67,25,41,25
41,34,30,20
73,48,12,13
65,47,18,22
25,39,28,18
72,61,12,9
87,60,25,20
59,63,24,25
38,9,27,32
32,32,20,21
20,50,34,42
75,40,23,24
63,78,26,30
60,59,22,23
75,54,26,26
90,71,16,15
79,80,22,21
68,64,42,55
49,30,26,24
38,51,27,28
75,61,16,16
34,17,23,20
72,63,26,33
28,71,25,48
70,61,18,17
37,37,23,35
59,12,26,32
75,36,29,35
47,26,18,18
66,6,20,24
74,64,31,41
35,50,29,27
66,53,32,28
38,21,33,37
21,68,24,28
42,42,9,12
52,28,16,15
47,16,30,33
56,57,32,27
30,54,32,36
68,10,22,29
49,16,23,28
44,71,37,24
44,32,31,21
71,50,22,27
46,22,46,40
69,11,16,19
24,80,34,37
75,62,29,34
67,30,23,46
94,43,15,12
34,36,48,23
85,72,17,25
42,52,23,22
51,65,15,13
31,38,22,16
75,69,26,33
68,24,25,27
66,30,14,17
39,26,11,12
72,10,32,36
48,28,22,17
48,26,25,25
80,39,31,46
34,43,31,35
45,13,51,50
84,54,30,31
31,21,29,30
55,29,18,23
24,35,35,31
73,39,31,26
54,43,19,19
64,51,20,24
46,22,44,42
37,41,17,18
54,10,38,39
75,68,27,32
53,74,23,34
41,23,31,52
76,61,31,31
30,19,31,32
77,57,26,21
66,39,20,22
39,33,24,23
37,51,28,25
47,53,34,23
47,14,15,9
92,84,13,11
77,59,22,26
68,9,37,48
53,31,18,19
22,50,40,41
72,33,37,36
70,19,34,33
33,52,15,13
47,63,32,21
49,29,24,24
54,44,22,17
18,52,39,37
36,16,24,24
18,70,44,40
69,38,36,34
32,36,21,21
70,17,18,25
22,36,36,37
35,20,33,28
42,35,41,38
72,56,32,26
37,17,32,31
32,28,23,24
55,90,14,15
76,72,32,36
43,81,24,18
79,40,30,30
69,64,22,22
88,22,23,35
74,54,28,25
49,20,21,25
63,27,32,34
58,66,23,22
28,36,23,19
66,14,29,34
32,52,17,15
56,50,17,26
28,21,34,31
2,40,63,47
23,85,15,14
66,38,25,24
35,40,19,23
69,32,33,18
29,54,15,11
59,14,33,32
54,17,15,18
42,32,23,19
44,27,24,20
39,51,26,41
61,54,33,32
68,60,19,17
74,60,37,44
47,50,16,18
89,60,34,26
84,80,37,31
78,72,44,49
70,24,24,29
48,17,31,35
62,37,38,68
75,62,32,41
88,80,24,23
26,68,32,48
35,36,27,22
65,59,24,20
73,44,14,17
64,38,29,59
76,74,28,29
71,62,18,17
45,20,28,24
76,31,21,19
52,32,55,72
56,46,20,14
77,62,33,41
52,34,20,19
32,37,19,16
77,62,26,34
37,14,27,30
49,60,19,22
28,38,32,35
26,43,38,40
39,23,18,14
48,74,23,17
73,62,23,32
40,25,19,21
36,21,20,15
49,39,20,26
76,42,25,37
11,62,28,19
37,40,19,22
70,16,18,27
50,30,17,20
10,33,34,35
77,61,27,37
69,15,27,35
74,61,33,28
70,33,24,20
34,41,18,27
32,23,34,23
25,49,37,42
65,58,12,16
27,28,31,27
77,50,23,16
35,34,15,19
89,51,21,32
91,65,29,30
51,43,24,17
75,53,26,29
41,22,57,40
78,60,31,27
48,20,19,20
38,51,26,25
25,81,31,35
67,67,20,18
68,11,22,24
66,10,41,45
41,27,14,12
40,46,15,16
37,51,25,23
71,26,27,22
67,53,38,53
74,67,31,41
30,81,22,28
38,53,25,41
49,63,20,19
39,63,19,21
48,72,21,24
75,20,10,18
39,29,21,19
75,47,14,17
30,61,18,16
24,36,26,23
44,79,23,21
70,61,16,19
54,48,30,26
41,87,20,16
65,56,23,59
77,51,30,27
68,46,28,17
83,48,28,38
46,27,24,21
46,55,31,15
85,52,43,28
52,52,20,17
75,35,26,21
92,58,22,19
72,59,19,21
76,50,14,18
47,15,27,29
22,86,14,17
34,40,19,23
16,82,26,21
77,101,12,12
57,33,24,21
26,38,24,21
59,58,33,27
36,70,16,16
27,18,30,27
65,18,22,24
34,41,25,25
52,40,20,17
42,53,20,16
85,46,27,36
24,54,35,40
35,50,22,19
58,33,33,35
85,39,16,17
46,37,25,22
64,31,28,28
73,22,26,28
71,19,18,20
65,50,20,30
75,15,28,39
27,24,46,54
76,54,26,26
34,40,23,23
49,57,19,23
39,39,10,22
32,18,32,43
28,25,30,19
32,36,18,17
90,63,27,24
49,88,12,15
45,30,26,21
64,62,41,35
77,48,21,19
77,45,16,18
40,55,20,17
37,42,22,23
31,61,26,45
78,64,18,32
51,54,18,17
55,48,16,13
75,65,35,41
31,50,36,39
34,40,25,27
45,52,17,13
53,31,13,13
27,40,24,19
34,42,24,24
46,54,32,30
33,19,30,29
76,69,24,36
43,60,24,19
84,44,28,23
31,34,30,22
31,36,18,14
65,37,23,20
76,63,34,41
24,63,28,25
34,39,22,24
68,65,33,53
62,19,49,45
37,43,16,16
41,35,27,23
38,13,28,28
43,53,37,16
65,14,22,24
61,30,15,12
60,19,33,28
28,5,44,38
36,51,28,21
46,23,45,39
39,17,30,36
77,39,28,36
31,60,25,44
84,27,20,21
80,55,32,47
71,55,14,21
71,25,31,24
27,37,24,21
56,90,13,14
90,52,13,12
85,73,16,21
34,35,15,17
65,80,22,35
34,35,16,15
75,45,21,18
81,29,33,27
37,52,25,22
75,53,20,21
69,70,21,20
75,47,12,17
87,47,27,42
33,60,26,24
61,61,24,36
62,15,18,24
80,60,32,36
32,36,17,14
89,72,18,16
16,79,38,40
32,41,26,26
82,58,26,28
51,55,18,24
58,54,15,20
39,56,29,28
84,49,20,23
56,53,22,25
32,60,30,29
34,30,22,21
54,9,68,64
37,48,19,23
26,55,45,55
54,11,55,70
73,29,21,20
76,55,30,25
23,48,33,32
23,53,42,54
27,42,41,50
27,75,45,41
45,68,46,38
64,72,41,43
79,34,16,16
72,66,13,9
75,49,35,51
27,16,41,42
71,13,28,36
69,65,13,11
45,40,47,24
28,46,29,29
39,95,27,29
64,80,25,21
27,14,40,47
81,86,22,27
77,34,26,28
45,41,45,19
66,31,22,19
24,49,32,29
69,19,32,32
19,47,37,51
73,26,37,46
36,50,25,20
28,87,23,25
29,48,27,27
71,70,35,41
54,34,34,25
50,33,37,28
40,22,47,41
53,22,51,52
63,51,23,30
61,10,31,39
76,79,31,36
64,37,40,53
25,19,47,53
41,23,46,41
17,53,34,34
97,33,31,37
27,17,45,67
25,36,42,58
39,32,29,26
49,33,39,26
60,70,33,30
61,82,30,36
31,22,21,28
80,72,19,20
62,40,21,26
33,9,20,16
78,79,32,36
24,26,24,18
84,72,20,20
32,58,34,35
78,24,31,33
53,69,37,25
47,41,41,33
50,63,20,28
62,14,40,39
29,56,26,28
41,80,29,39
37,22,31,31
97,30,31,38
66,50,17,29
47,39,27,40
25,49,31,30
69,17,36,42
83,52,19,16
43,32,24,30
27,69,25,24
21,29,37,54
21,64,34,36
76,53,29,31
24,17,33,36
21,26,39,47
37,21,35,44
71,35,33,37
20,62,34,42
76,59,25,23
15,44,50,49
28,14,43,70
52,65,21,22
77,20,24,31
63,77,38,39
76,80,31,35
44,12,34,27
44,9,35,31
23,25,34,35
27,36,26,26
79,80,34,29
21,30,36,53
62,22,41,65
42,75,40,44
28,12,36,37
33,66,29,46
26,15,46,56
62,12,49,55
33,40,21,23
65,80,22,21
78,27,33,41
68,39,31,40
58,48,53,59
76,13,32,36
61,53,21,17
55,8,36,40
33,29,35,29
62,17,37,37
20,27,35,34
61,50,42,53
62,16,39,37
24,53,31,36
38,95,19,18
65,23,15,15
65,67,34,34
61,18,44,55
63,24,13,15
70,25,13,18
40,14,31,33
23,28,36,42
61,57,42,59
61,19,47,58
79,79,31,34
31,36,20,29
24,55,31,26
79,80,32,29
47,38,25,27
77,55,30,24
76,61,34,43
56,25,12,14
64,55,29,32
25,57,34,49
29,56,27,27
64,18,32,42
21,78,31,29
38,67,33,44
77,61,22,22
32,47,21,23
28,63,30,24
34,31,33,30
49,98,17,17
26,24,33,49
47,40,40,34
73,31,17,16
83,31,19,17
43,15,25,23
40,69,46,38
77,34,11,12
63,91,11,12
82,28,28,25
66,45,40,35
25,43,12,11
57,69,14,15
27,72,26,19
41,83,18,16
42,80,23,18
27,16,34,48
29,34,31,36
24,32,34,29
71,60,27,29
46,28,16,15
23,60,36,42
66,27,25,22
24,65,25,29
38,20,32,24
26,71,40,45
58,51,24,22
30,51,44,65
73,27,36,45
28,19,33,39
78,74,27,25
44,79,22,22
21,41,39,44
77,50,25,22
53,41,21,17
73,80,19,21
83,63,24,28
31,46,11,11
69,36,34,56
76,32,12,12
26,18,24,26
80,37,23,22
74,30,16,14
83,53,31,35
48,53,25,39
63,66,19,26
36,70,29,31
54,49,16,14
76,46,28,29
82,10,26,27
39,66,46,41
73,33,36,29
67,29,22,20
65,30,33,34
63,76,38,40
25,42,13,12
23,40,27,40
27,16,29,36
25,78,31,36
26,15,40,41
65,77,28,31
22,76,31,40
43,81,23,19
34,40,19,23
21,56,37,49
63,34,40,50
77,65,21,24
17,67,25,33
21,60,50,57
29,81,19,19
56,70,43,45
34,50,17,16
63,28,21,18
31,20,32,47
43,31,22,18
31,15,44,44
60,45,15,17
57,16,49,59
61,66,33,45
39,32,31,26
62,75,29,31
24,31,36,33
53,71,35,24
47,71,41,34
30,75,42,40
44,70,36,25
62,11,30,39
22,15,46,53
42,19,26,40
75,49,32,25
30,51,24,22
22,63,35,42
82,37,25,29
24,47,34,30
30,51,18,15
24,50,33,30
29,53,31,34
49,55,15,18
31,64,33,43
56,91,14,14
47,86,17,16
28,16,31,33
62,63,36,36
26,43,29,24
71,55,36,53
68,70,32,41
78,55,29,24
23,16,39,42
25,65,25,26
37,22,35,44
64,61,47,52
26,21,45,57
25,51,30,25
58,90,11,14
84,77,27,29
30,54,28,30
70,73,39,42
36,65,37,48
69,17,32,43
71,39,14,12
37,18,34,48
76,81,29,32
32,69,32,18
23,61,42,28
60,50,42,57
73,22,26,26
43,6,24,26
57,35,30,18
57,14,43,45
25,58,47,23
77,41,21,21
80,21,31,28
65,15,17,18
61,8,41,54
29,63,26,22
58,76,22,28
39,75,31,33
64,51,20,22
94,43,13,13
66,34,40,61
71,22,27,44
32,70,19,25
39,36,15,22
42,23,45,40
67,14,19,26
63,49,40,59
69,30,16,16
21,64,35,39
45,90,33,28
36,18,34,49
68,55,42,54
42,21,45,41
18,46,44,49
25,44,40,38
57,89,12,16
43,6,22,27
25,41,29,33
23,80,31,37
79,22,22,27
74,50,26,28
72,41,25,29
46,68,46,36
85,81,18,21
67,82,13,11
52,36,37,24
60,25,42,55
66,98,20,16
17,54,34,34
33,69,44,47
52,69,34,27
33,15,34,40
17,45,34,31
73,47,38,40
77,35,20,17
32,66,36,31
79,83,23,25
59,49,43,56
80,37,23,21
68,55,17,18
54,8,36,30
78,60,20,21
56,69,16,19
29,39,20,19
22,73,38,41
25,62,44,53
20,31,35,52
66,52,13,23
58,56,42,52
40,20,29,35
63,12,41,52
73,55,30,24
74,30,29,37
36,71,33,26
76,27,33,38
40,13,30,36
94,61,27,29
75,103,18,14
38,21,16,16
75,59,33,43
62,90,13,13
64,59,17,19
76,31,36,52
69,20,19,20
38,57,31,29
25,50,30,24
66,20,41,54
30,83,23,25
75,79,33,36
55,34,16,13
66,29,35,33
26,46,33,32
27,30,28,26
26,52,46,55
20,25,46,51
26,50,30,25
25,53,42,52
59,37,26,42
48,52,20,27
23,75,15,14
31,22,27,27
46,23,46,40
79,31,26,24
73,79,19,21
27,50,45,53
27,29,42,59
28,78,36,42
76,51,31,24
67,79,22,20
33,43,23,37
29,31,31,31
19,47,37,51
25,54,42,57
47,49,22,29
47,79,13,18
82,47,45,60
75,11,20,16
65,53,18,16
67,36,36,41
48,53,24,37
29,52,19,16
73,72,30,46
74,14,34,33
63,45,32,28
29,71,19,19
22,22,29,28
35,44,12,11
28,68,30,32
29,57,29,27
24,66,26,25
66,38,21,26
47,29,40,31
54,44,17,21
27,58,38,29
36,32,30,26
24,42,32,31
25,18,24,24
77,30,24,17
37,19,36,26
44,46,25,21
40,68,47,39
82,45,31,32
19,51,45,45
32,72,33,41
76,67,21,22
46,35,22,29
74,52,29,30
65,99,17,17
25,54,30,26
45,29,45,32
22,29,32,35
94,76,12,12
33,61,29,29
75,42,38,40
62,90,13,15
66,68,32,31
81,87,21,25
63,66,20,22
76,38,32,26
29,21,41,49
70,28,47,40
31,61,37,29
34,72,44,41
28,85,22,28
35,66,35,44
64,74,35,38
24,48,32,32
73,23,33,49
67,24,16,15
76,21,17,15
60,25,39,52
76,44,27,24
35,15,39,41
31,36,21,27
44,9,34,30
76,48,34,52
29,39,16,16
25,48,41,36
65,65,38,52
25,34,43,63
31,23,37,48
75,32,14,14
80,49,17,19
64,40,19,27
37,44,11,9
42,96,24,27
63,37,19,28
27,75,32,46
68,46,38,36
69,56,38,51
45,45,19,34
76,56,26,24
31,29,17,18
85,53,16,14
51,37,35,23
58,50,24,16
33,72,31,42
25,48,32,31
72,37,30,37
65,16,21,22
61,27,40,50
60,21,35,41
33,62,19,18
75,45,29,32
23,26,37,47
28,80,29,26
28,72,27,27
64,70,32,31
73,22,26,28
66,12,39,43
41,25,45,36
74,27,35,46
32,18,40,36
56,12,43,46
69,27,15,19
60,44,19,20
42,23,42,39
45,80,21,20
19,66,34,36
63,64,35,52
31,57,22,22
68,13,40,41
30,23,37,60
22,67,34,34
23,55,33,35
76,80,31,35
49,39,14,12
42,82,34,40
62,24,13,16
30,54,28,27
45,90,33,30
65,96,25,28
20,29,32,38
73,29,19,19
83,54,30,32
27,44,42,62
31,81,22,26
74,39,12,14
29,40,28,33
26,24,39,59
89,39,36,26
17,43,34,33
72,67,35,32
2,80,30,36
75,55,32,24
26,72,40,40
78,17,31,36
11,43,23,23
22,37,25,29
23,23,46,57
59,36,30,16
66,36,44,44
67,56,17,21
22,54,35,37
48,68,44,37
73,13,32,37
45,20,48,43
30,14,28,39
44,44,28,26
82,38,27,44
25,55,47,55
21,40,30,39
64,40,18,25
83,75,19,15
54,44,17,20
25,36,24,27
21,80,30,26
62,65,18,21
67,17,36,45
27,51,41,41
52,63,19,36
71,38,42,49
94,41,14,16
68,18,38,42
75,8,19,18
25,30,30,27
62,44,20,17
61,89,15,23
75,57,26,23
35,60,37,42
65,21,19,19
38,43,29,31
84,26,16,16
45,8,34,32
81,36,19,13
74,48,30,28
63,39,20,28
16,54,35,34
64,79,26,21
75,81,33,35
41,69,46,34
30,72,35,43
64,98,18,16
48,87,16,18
23,76,16,13
59,53,25,38
49,40,21,26
43,27,43,33
20,49,36,47
46,42,9,13
30,50,24,24
19,49,36,49
62,65,20,25
42,21,29,25
77,36,12,11
26,36,26,24
84,29,19,19
74,56,37,45
77,55,27,29
47,39,24,29
72,34,31,37
58,20,48,51
55,88,32,32
60,65,19,22
80,64,31,40
21,28,29,27
29,73,32,40
64,55,29,33
83,30,16,13
31,59,32,31
30,17,36,42
66,46,42,36
66,5,24,29
60,30,31,31
38,15,32,27
45,26,45,36
52,8,38,31
70,79,30,35
63,81,29,35
71,40,26,30
73,48,36,50
57,83,33,39
36,67,36,44
67,61,43,40
35,67,37,45
64,13,44,45
46,14,20,20
75,15,34,35
45,23,45,39
32,24,32,43
49,63,19,27
64,29,21,18
24,40,34,33
65,5,23,28
67,73,37,41
76,92,18,17
22,48,34,51
66,47,39,37
46,23,23,26
71,16,34,41
66,46,38,59
86,27,16,13
28,31,30,32
79,66,30,33
63,64,20,27
76,15,31,32
60,40,25,37
31,36,29,22
67,93,27,25
65,10,35,51
28,15,28,38
69,55,34,33
25,25,42,50
80,68,24,27
49,66,19,25
41,67,46,39
61,44,18,20
83,81,19,19
79,24,23,22
49,41,37,28
27,56,30,24
44,38,20,27
72,66,33,48
68,27,16,15
64,23,27,29
63,33,33,26
69,59,35,36
79,84,23,23
27,80,20,22
31,16,36,37
55,63,17,18
77,50,29,30
46,22,46,41
39,83,30,35
77,48,26,31
29,41,40,39
23,67,35,30
25,81,34,35
45,34,36,26
70,71,32,44
48,31,21,18
26,75,31,26
74,32,17,15
62,67,32,42
52,41,21,18
29,55,46,55
28,52,46,37
68,49,19,23
59,47,16,21
29,74,18,15
30,19,42,52
33,17,30,43
58,90,11,15
32,43,29,29
70,61,27,28
84,53,19,14
23,23,35,50
68,104,22,16
25,87,25,25
79,47,13,11
33,18,39,47
26,51,30,22
61,24,43,57
41,32,17,16
23,51,33,27
72,34,11,19
22,55,42,52
26,65,27,26
28,66,30,35
45,53,37,20
26,22,46,56
60,65,35,50
26,14,41,47
28,50,30,32
31,71,27,23
70,16,31,36
49,69,41,27
25,24,46,45
43,69,43,31
41,26,21,31
81,62,31,36
25,75,36,42
60,13,31,35
60,45,49,63
37,77,30,31
20,46,31,42
58,16,41,50
62,61,20,13
71,16,35,48
42,25,45,36
38,35,22,17
68,65,32,43
65,12,41,45
32,62,21,19
42,31,18,14
65,35,39,40
84,40,18,17
28,64,21,19
85,40,19,16
68,12,44,43
26,54,48,54
68,78,33,32
68,56,37,51
76,48,26,27
70,59,34,35
75,49,37,37
57,47,24,15
62,43,31,31
65,93,26,31
36,21,34,43
27,35,24,24
75,46,36,54
63,78,38,35
28,18,31,32
27,45,29,34
22,31,25,36
68,13,31,51
26,54,29,27
75,54,30,25
63,49,39,45
55,39,24,15
23,49,37,41
67,41,30,39
75,107,20,14
32,38,32,33
47,57,38,30
82,65,27,30
27,39,16,16
30,14,39,41
77,53,24,20
30,21,24,27
21,22,31,28
69,88,16,16
42,20,27,39
65,49,23,20
76,47,32,50
48,40,25,39
66,80,24,19
16,75,36,31
67,72,41,40
74,54,33,37
68,87,17,19
58,63,22,25
31,19,43,55
35,65,19,24
59,45,25,24
35,68,39,44
73,47,36,35
53,68,19,18
22,20,32,33
72,17,29,36
42,13,34,34
38,55,30,30
66,30,23,20
19,28,38,41
24,64,26,27
33,40,32,39
81,36,26,29
80,15,25,29
77,58,25,23
28,19,36,44
40,70,17,21
60,21,39,46
46,38,26,41
35,34,36,35
80,44,31,33
28,38,32,27
18,80,33,34
66,27,18,18
19,57,35,33
38,8,18,17
28,47,30,28
29,65,36,51
80,94,21,19
32,14,38,42
30,58,25,22
26,66,38,46
46,22,47,43
71,65,37,41
77,45,28,31
73,76,32,44
48,39,22,27
74,80,34,31
32,35,26,23
60,36,24,32
60,82,31,35
37,20,20,19
65,15,18,17
81,70,22,22
51,34,16,16
18,45,46,46
31,22,29,28
41,82,33,38
36,23,32,31
38,9,38,39
17,35,45,40
44,53,19,13
73,66,30,34
24,37,25,27
78,40,19,23
83,64,22,27
77,27,31,38
21,48,31,41
62,49,19,21
69,54,23,17
69,42,32,18
39,19,26,27
51,21,26,21
76,68,32,37
74,36,35,33
80,49,30,41
76,93,22,18
68,33,27,27
70,23,25,28
35,41,19,22
43,77,24,22
68,32,37,49
48,36,23,21
78,52,23,27
51,62,45,34
54,55,21,13
86,83,28,32
29,18,32,30
36,22,36,38
47,15,19,17
79,49,30,21
78,41,22,26
47,37,29,30
71,51,23,15
65,35,33,36
42,28,28,22
70,83,32,35
74,20,26,30
77,63,35,42
82,63,27,29
71,82,39,34
24,84,40,33
39,53,35,29
30,74,25,20
100,62,27,25
47,18,21,15
24,73,24,21
41,14,54,48
44,26,22,25
73,81,32,33
29,25,28,21
28,37,34,33
20,35,39,40
85,44,17,11
60,28,13,15
61,27,35,43
44,60,20,22
27,77,41,38
75,46,15,15
55,35,22,19
67,37,12,15
50,49,23,18
25,46,27,25
50,13,15,13
24,36,45,60
28,81,19,22
57,38,31,21
75,54,31,27
46,23,46,39
53,43,17,16
33,38,32,41
55,11,22,21
66,36,13,14
63,51,37,34
44,25,22,22
35,23,22,19
74,32,27,23
36,33,26,27
47,29,27,21
69,25,20,28
51,33,25,16
50,45,27,20
63,30,32,33
80,49,23,29
27,28,53,36
71,49,19,22
31,24,34,30
74,20,37,42
36,47,21,25
66,38,17,17
68,15,35,46
30,22,32,30
69,16,22,22
65,61,12,13
30,27,25,27
85,56,38,35
29,56,32,24
90,42,16,13
75,51,29,34
78,51,29,24
54,71,20,17
70,16,43,45
26,27,47,50
59,16,48,61
70,29,35,44
55,28,19,20
69,18,30,33
50,47,46,28
34,33,28,28
53,49,20,18
59,23,18,16
42,56,25,25
48,66,22,22
49,28,20,22
21,52,32,33
52,53,19,22
84,33,44,40
86,70,23,27
33,37,21,34
31,20,24,23
51,54,19,20
30,36,26,25
76,36,27,34
93,61,19,23
43,59,23,26
57,14,23,26
27,26,44,60
51,57,23,27
87,51,25,29
86,74,29,34
17,21,59,60
64,39,41,54
33,75,27,35
39,7,28,30
58,35,28,29
31,61,29,47
78,32,23,26
24,48,30,31
24,26,26,33
77,59,34,48
33,29,32,35
30,48,30,44
57,30,34,34
89,36,27,37
52,71,27,21
65,41,13,14
28,72,34,43
71,40,28,36
64,25,35,40
85,39,19,18
55,8,36,31
29,53,30,27
42,15,53,47
50,70,27,22
44,68,38,27
71,56,34,25
54,66,46,40
61,28,17,16
21,61,22,28
46,80,21,20
24,77,33,40
44,16,51,46
51,48,22,30
52,24,29,26
77,63,34,43
72,41,33,29
60,38,19,18
69,11,42,43
65,32,15,14
46,91,17,15
67,20,27,32
61,48,17,18
87,51,27,27
77,51,23,29
56,52,17,17
75,48,35,31
76,53,29,25
48,86,13,18
32,74,15,17
46,27,33,26
62,22,34,42
52,40,23,20
66,15,35,44
44,80,22,18
89,71,30,28
48,56,15,18
78,63,21,30
46,23,45,41
75,43,29,23
55,62,17,14
76,72,22,20
48,20,15,17
60,36,36,46
78,76,21,24
77,47,32,50
60,57,33,30
39,12,30,31
46,55,39,35
25,12,34,47
26,72,40,39
63,30,31,33
66,21,34,50
25,49,54,56
69,18,39,45
46,46,21,19
52,63,20,25
51,16,44,42
56,51,21,30
17,66,24,34
60,13,50,56
85,26,20,25
42,82,24,19
52,42,19,22
87,52,23,30
47,86,16,19
22,28,35,40
47,53,26,39
23,78,34,38
65,29,23,23
42,45,27,23
46,67,44,42
81,37,29,31
38,58,33,28
68,65,35,43
52,54,16,17
25,26,24,32
25,49,32,29
24,31,35,32
45,65,45,45
68,15,36,51
64,15,44,43
32,70,45,42
20,44,33,39
66,76,29,40
80,65,28,31
56,65,22,21
67,74,19,22
67,24,33,44
42,78,24,22
48,69,40,35
30,69,22,25
97,62,23,27
86,35,16,20
54,15,47,37
45,41,40,34
74,42,27,39
59,43,34,27
50,98,17,17
96,42,19,21
49,52,33,29
82,47,27,45
82,38,25,30
44,46,21,18
60,17,38,50
79,34,31,34
44,29,20,21
26,69,25,25
45,89,33,30
38,67,34,44
19,59,43,41
59,16,46,54
60,63,21,24
78,29,28,27
72,29,37,34
63,17,40,42
41,82,30,36
44,69,40,34
60,38,25,44
47,61,36,20
31,21,21,29
64,23,46,49
64,25,33,29
68,12,37,43
61,64,23,26
72,84,17,24
75,66,33,33
58,41,19,16
82,89,22,25
46,68,46,38
34,66,26,35
50,71,31,23
47,58,23,15
29,43,40,49
29,53,44,51
70,38,31,21
29,78,20,21
31,18,39,35
80,27,32,41
46,23,45,41
80,16,25,28
24,40,43,60
61,32,41,51
26,82,22,21
66,66,34,44
70,55,35,52
72,74,31,45
28,31,32,34
65,75,30,33
62,25,33,46
30,73,15,17
59,56,42,48
44,36,22,31
69,24,12,18
75,74,19,23
80,67,27,39
26,53,49,56
70,36,32,25
83,55,31,32
72,29,35,35
67,67,33,45
56,19,44,56
72,67,33,32
65,44,40,47
23,81,35,37
50,14,16,17
44,56,25,27
56,73,42,36
82,40,31,40
24,62,47,55
64,97,27,28
65,22,30,31
38,62,20,28
48,27,39,35
43,54,38,27
28,76,46,41
41,5,26,28
76,54,28,29
80,28,18,11
63,41,41,54
22,28,36,45
62,66,33,43
41,66,44,42
86,35,13,19
30,19,31,32
30,48,27,22
74,49,33,31
37,9,19,15
73,57,37,48
88,48,23,31
23,54,50,56
41,82,36,37
31,46,23,24
48,62,22,29
37,41,20,27
73,12,36,44
96,57,25,33
58,50,54,66
83,65,25,30
32,70,33,41
25,52,41,61
80,79,32,31
86,60,29,22
63,23,33,33
40,61,31,24
79,69,26,29
22,31,38,52
62,46,41,67
77,20,34,33
27,70,19,21
60,74,42,45
60,23,46,46
38,67,30,34
67,56,39,53
30,16,36,48
66,78,40,43
41,64,48,43
42,69,49,39
55,65,40,44
95,41,25,29
42,44,28,25
75,51,28,33
67,79,24,35
77,54,31,27
50,9,49,50
28,63,41,51
25,13,41,43
29,26,35,48
27,40,41,39
21,25,32,34
51,35,39,24
56,25,14,14
24,15,46,54
53,9,36,31
85,71,25,27
29,73,34,43
18,29,28,26
34,66,33,35
29,55,27,28
93,30,23,33
22,16,52,59
46,63,24,20
82,76,28,31
76,38,32,36
75,50,30,29
76,48,33,35
44,44,25,22
42,14,29,36
34,30,34,30
21,22,32,27
91,69,25,29
89,37,13,12
47,27,17,16
26,39,25,25
58,15,40,50
65,30,26,24
30,23,24,26
55,8,35,38
58,44,15,21
60,18,23,32
22,31,33,32
44,31,22,21
53,14,48,41
20,44,30,32
84,64,24,32
36,39,49,47
84,73,18,17
25,42,26,20
53,64,19,24
76,54,29,28
33,49,29,39
47,56,40,31
48,25,18,22
77,46,26,31
62,22,49,53
21,56,42,50
74,50,30,30
20,28,37,38
69,39,29,32
23,13,37,45
62,14,44,43
12,36,39,28
57,37,30,41
73,53,34,26
73,31,35,33
76,59,28,32
65,65,39,50
22,15,41,40
23,62,29,30
59,89,18,17
64,29,32,35
23,31,36,31
34,67,21,23
78,45,22,25
28,56,48,56
63,58,48,57
60,53,26,39
79,82,23,30
40,67,44,42
61,79,29,40
45,57,39,31
24,65,36,39
73,30,32,34
62,55,41,56
24,54,44,54
16,34,35,29
41,21,46,42
83,38,20,18
59,39,25,27
66,13,45,45
24,51,33,29
24,80,32,35
74,61,37,43
80,64,28,29
22,18,31,34
57,25,12,18
71,66,37,36
25,31,34,34
35,14,38,52
26,72,36,39
50,8,44,36
25,53,32,27
18,78,34,32
55,23,23,40
25,37,26,29
76,77,33,37
42,75,33,47
47,37,27,41
20,73,37,35
77,70,31,26
67,44,33,23
19,33,23,32
41,30,30,35
28,47,27,24
29,57,28,24
73,59,36,41
28,39,21,16
29,14,43,47
40,66,45,36
42,28,44,34
58,12,45,52
36,75,30,32
39,71,31,31
39,57,30,29
79,80,31,29
31,59,30,31
36,30,23,20
62,74,17,14
65,5,27,30
78,33,28,28
64,13,25,27
74,49,36,28
30,28,31,39
25,21,46,52
20,37,29,31
70,59,30,30
85,82,20,22
75,66,23,24
81,39,23,29
67,67,13,9
61,15,36,38
79,82,20,27
64,37,42,61
32,65,31,34
41,23,43,43
61,12,49,54
23,20,48,46
58,16,45,62
56,16,52,59
31,60,24,21
24,72,37,39
65,67,32,31
74,48,30,22
21,62,31,30
28,65,32,34
28,50,20,17
60,57,33,31
94,41,15,15
72,74,34,43
19,55,31,31
70,35,33,39
22,67,34,34
25,52,30,21
28,54,28,25
64,81,24,20
59,38,25,29
44,49,40,25
60,38,23,30
22,47,36,49
27,72,26,20
23,48,34,49
77,31,31,31
73,49,35,32
65,86,18,18
53,71,37,26
74,27,29,20
16,27,33,32
40,18,29,36
23,52,34,26
21,48,36,32
53,8,33,32
26,32,30,23
33,60,20,21
33,62,21,21
31,80,22,27
31,18,42,55
40,12,31,33
32,38,33,33
21,50,32,47
38,18,34,45
22,65,30,34
35,30,36,39
72,13,13,17
77,19,36,27
60,18,17,17
48,51,25,40
46,68,44,40
35,41,19,23
69,17,35,51
66,81,23,18
25,31,29,25
33,16,36,37
63,45,29,31
29,64,34,50
95,77,12,12
30,81,17,18
28,18,35,46
60,65,17,20
68,55,41,52
81,21,32,31
20,64,30,29
41,66,46,41
24,67,38,48
23,16,38,43
21,43,29,32
69,72,39,45
59,55,47,51
69,27,19,20
25,74,38,49
45,88,33,30
19,80,34,29
23,43,17,15
30,20,34,23
26,19,28,34
75,28,35,44
24,43,12,11
23,64,35,33
56,89,14,17
39,45,31,29
69,72,32,41
83,80,20,21
20,49,25,33
76,15,30,36
77,39,19,22
73,68,32,45
29,54,36,51
28,66,30,34
52,74,26,20
25,64,34,38
77,77,30,34
53,40,23,31
45,28,40,32
38,12,29,27
31,37,27,55
27,76,13,14
25,78,32,36
85,31,18,17
33,48,20,20
72,56,37,50
61,65,21,27
56,90,31,31
72,49,38,39
65,11,15,20
62,89,13,15
34,41,28,28
62,14,29,34
72,28,22,21
60,15,46,58
30,74,35,39
29,51,26,23
21,34,25,31
66,98,21,23
40,77,29,29
10,61,27,28
74,30,25,17
71,46,40,43
28,19,46,59
60,88,13,16
59,43,18,23
67,41,34,45
76,29,31,39
48,39,23,28
71,61,26,29
18,66,33,30
70,40,43,45
22,57,38,42
27,18,39,45
32,66,31,45
74,55,33,22
31,17,47,42
55,89,14,15
42,6,23,27
26,19,48,56
69,72,29,42
40,48,26,24
29,51,19,18
61,55,32,32
30,16,40,42
65,5,24,30
78,60,17,20
72,24,28,28
25,16,40,46
77,15,29,35
77,79,29,33
42,39,13,21
26,14,42,41
24,61,46,55
28,40,20,16
35,14,26,27
27,20,35,39
35,65,37,43
27,30,21,21
70,12,34,47
42,29,26,22
26,65,25,28
20,23,41,71
77,41,18,21
24,78,32,34
76,62,20,19
79,58,19,24
76,29,31,36
66,67,30,34
66,37,22,29
61,26,13,13
67,30,32,33
60,44,20,22
65,37,23,30
53,44,22,19
65,61,43,54
33,26,24,23
67,79,21,22
19,38,41,48
20,71,34,38
